date,time_et,event,post5_ticks,base5_ticks,ratio,n_trd,spike_confirmed,pinning,contaminated
2023-01-06,08:30,NFP,28.0,4.0,7.0,2580,True,first_friday,False
2023-01-12,08:30,CPI,61.0,4.0,15.2,4523,True,midmonth_max_spike,False
2023-02-03,08:30,NFP,43.0,2.0,21.5,4210,True,first_friday,False
2023-02-14,08:30,CPI,55.0,3.0,18.3,5708,True,midmonth_max_spike,False
2023-03-10,08:30,NFP,33.0,5.0,6.6,4269,True,friday+1,False
2023-03-14,08:30,CPI,35.0,6.5,5.4,3948,True,midmonth_max_spike,False
2023-04-07,08:30,NFP,27.0,2.0,13.5,1431,True,first_friday,False
2023-04-12,08:30,CPI,29.0,3.5,8.3,3366,True,midmonth_max_spike,False
2023-05-05,08:30,NFP,29.0,2.0,14.5,3218,True,first_friday,False
2023-05-10,08:30,CPI,20.0,3.0,6.7,3329,True,midmonth_max_spike,True
2023-06-02,08:30,NFP,18.0,3.0,6.0,2504,True,first_friday,False
2023-06-13,08:30,CPI,43.0,3.0,14.3,3375,True,midmonth_max_spike,False
2023-07-07,08:30,NFP,18.0,4.0,4.5,3172,True,first_friday,False
2023-07-12,08:30,CPI,21.0,3.0,7.0,2997,True,midmonth_max_spike,True
2023-08-04,08:30,NFP,37.0,3.0,12.3,3188,True,first_friday,False
2023-08-10,08:30,CPI,25.0,3.0,8.3,2792,True,midmonth_max_spike,False
2023-09-01,08:30,NFP,28.0,3.0,9.3,2976,True,first_friday,False
2023-09-13,08:30,CPI,32.0,2.5,12.8,3315,True,midmonth_max_spike,True
2023-10-06,08:30,NFP,43.0,4.0,10.8,5208,True,first_friday,False
2023-10-12,08:30,CPI,24.0,4.5,5.3,2680,True,midmonth_max_spike,False
2023-11-03,08:30,NFP,26.0,3.0,8.7,3946,True,first_friday,False
2023-11-14,08:30,CPI,62.0,3.0,20.7,4979,True,midmonth_max_spike,False
2023-12-08,08:30,NFP,37.0,3.0,12.3,4813,True,friday+1,False
2023-12-12,08:30,CPI,29.0,2.0,14.5,3230,True,midmonth_max_spike,False
2024-01-05,08:30,NFP,26.0,4.0,6.5,3336,True,first_friday,False
2024-01-11,08:30,CPI,55.0,2.5,22.0,4366,True,midmonth_max_spike,False
2024-02-02,08:30,NFP,31.0,4.0,7.8,5789,True,first_friday,False
2024-02-13,08:30,CPI,82.0,3.0,27.3,4274,True,midmonth_max_spike,False
2024-03-08,08:30,NFP,39.0,2.5,15.6,5360,True,friday+1,False
2024-03-12,08:30,CPI,23.0,2.0,11.5,4382,True,midmonth_max_spike,False
2024-04-05,08:30,NFP,36.0,2.0,18.0,4428,True,first_friday,False
2024-04-10,08:30,CPI,63.0,2.0,31.5,7076,True,midmonth_max_spike,False
2024-05-03,08:30,NFP,43.0,3.0,14.3,5840,True,first_friday,False
2024-05-15,08:30,CPI,42.0,2.0,21.0,4283,True,midmonth_max_spike,False
2024-06-07,08:30,NFP,80.0,2.5,32.0,5346,True,first_friday,False
2024-06-12,08:30,CPI,49.0,3.0,16.3,4278,True,midmonth_max_spike,True
2024-07-05,08:30,NFP,57.0,2.0,28.5,5425,True,first_friday,False
2024-07-11,08:30,CPI,39.0,2.0,19.5,5184,True,midmonth_max_spike,False
2024-08-02,08:30,NFP,53.0,2.0,26.5,7844,True,first_friday,False
2024-08-14,08:30,CPI,29.0,2.0,14.5,4034,True,midmonth_max_spike,True
2024-09-06,08:30,NFP,49.0,3.0,16.3,7593,True,first_friday,False
2024-09-11,08:30,CPI,27.0,2.5,10.8,5325,True,midmonth_max_spike,True
2024-10-04,08:30,NFP,44.0,2.0,22.0,4886,True,first_friday,False
2024-10-10,08:30,CPI,30.0,2.0,15.0,5864,True,midmonth_max_spike,False
2024-11-01,08:30,NFP,45.0,3.0,15.0,4623,True,first_friday,False
2024-11-13,08:30,CPI,24.0,3.0,8.0,3534,True,midmonth_max_spike,True
2024-12-06,08:30,NFP,30.0,2.5,12.0,3664,True,first_friday,False
2024-12-11,08:30,CPI,18.0,2.0,9.0,2989,True,midmonth_max_spike,False
2025-01-10,08:30,NFP,34.0,2.0,17.0,5006,True,friday+1,False
2025-01-15,08:30,CPI,19.0,2.0,9.5,3288,True,midmonth_max_spike,True
2025-02-07,08:30,NFP,49.0,2.0,24.5,4550,True,first_friday,False
2025-02-12,08:30,CPI,48.0,3.0,16.0,3914,True,midmonth_max_spike,False
2025-03-07,08:30,NFP,26.0,3.0,8.7,3797,True,first_friday,False
2025-03-12,08:30,CPI,28.0,2.0,14.0,3078,True,midmonth_max_spike,False
2025-05-02,08:30,NFP,20.0,2.5,8.0,2845,True,first_friday,False
2025-05-13,08:30,CPI,17.0,3.0,5.7,1550,True,midmonth_max_spike,True
2025-06-06,08:30,NFP,17.0,2.0,8.5,3007,True,first_friday,False
2025-06-11,08:30,CPI,33.0,2.0,16.5,2675,True,midmonth_max_spike,False
2025-07-04,08:30,NFP,1.0,1.0,1.0,102,False,first_friday,False
2025-07-15,08:30,CPI,13.0,2.5,5.2,1962,True,midmonth_max_spike,True
2025-08-01,08:30,NFP,40.0,3.0,13.3,4073,True,first_friday,False
2025-08-12,08:30,CPI,25.0,2.0,12.5,3420,True,midmonth_max_spike,True
2025-09-05,08:30,NFP,13.0,3.0,4.3,2964,True,first_friday,False
2025-09-11,08:30,CPI,26.0,2.0,13.0,3666,True,midmonth_max_spike,True
2023-02-01,14:00,FOMC,,,,,True,fed_authoritative,False
2023-03-22,14:00,FOMC,,,,,True,fed_authoritative,False
2023-05-03,14:00,FOMC,,,,,True,fed_authoritative,False
2023-06-14,14:00,FOMC,,,,,True,fed_authoritative,False
2023-07-26,14:00,FOMC,,,,,True,fed_authoritative,False
2023-09-20,14:00,FOMC,,,,,True,fed_authoritative,False
2023-11-01,14:00,FOMC,,,,,True,fed_authoritative,False
2023-12-13,14:00,FOMC,,,,,True,fed_authoritative,False
2024-01-31,14:00,FOMC,,,,,True,fed_authoritative,False
2024-03-20,14:00,FOMC,,,,,True,fed_authoritative,False
2024-05-01,14:00,FOMC,,,,,True,fed_authoritative,False
2024-06-12,14:00,FOMC,,,,,True,fed_authoritative,False
2024-07-31,14:00,FOMC,,,,,True,fed_authoritative,False
2024-09-18,14:00,FOMC,,,,,True,fed_authoritative,False
2024-11-07,14:00,FOMC,,,,,True,fed_authoritative,False
2024-12-18,14:00,FOMC,,,,,True,fed_authoritative,False
2025-01-29,14:00,FOMC,,,,,True,fed_authoritative,False
2025-03-19,14:00,FOMC,,,,,True,fed_authoritative,False
2025-05-07,14:00,FOMC,,,,,True,fed_authoritative,False
2025-06-18,14:00,FOMC,,,,,True,fed_authoritative,False
2025-07-30,14:00,FOMC,,,,,True,fed_authoritative,False
2025-09-17,14:00,FOMC,,,,,True,fed_authoritative,False
